{"cameraMode":{"drawMode":0,"name":"Shaded","section":"Shading Mode"},"sceneLighting":true,"audioPlay":false,"sceneViewState":{"m_AlwaysRefresh":false,"showFog":true,"showSkybox":true,"showFlares":true,"showImageEffects":true,"showParticleSystems":true,"showVisualEffectGraphs":true,"m_FxEnabled":true},"in2DMode":false,"pivot":{"x":-3.376619338989258,"y":-75.6450424194336,"z":166.00762939453126},"rotation":{"x":-0.2190806269645691,"y":0.0024635018780827524,"z":-0.0009811489144340158,"w":-0.9759906530380249},"size":105.21961212158203,"orthographic":false}